path,bytes,sha256
.gitattributes,303,95bf20b5c42913b71fd1764568ba28f3a34fa8eb41226d42dd8a87289ab7e971
.gitignore,194,fe082698a52d7cc7095792ca33b11c9de36011689e916ca7eaadad1775121377
CITATION.cff,403,491e72949e09510d7c97c0e8fb78d7e50eb54fa6b1804adcf89187c6a02d0f35
DATA_LICENSE.md,738,85d1d6723a37afe6348dfd64e5c056f66ad3e11cf57481db3ee280f4d0063c80
LICENSE,1076,edf905f07c7f6d55324e2350ceb1d4ecd87c88c28685224b678a487bf9734075
MODEL_LICENSE.md,435,9693e9616d63f0444aaa168f941d8be5b92a994905db003f0c7ab73866f0a31a
PUBLIC_RELEASE_CHECKLIST.md,923,85f71f41d3315921108f24894c8be89408934b4190d4199ff36dac1ff13ffd67
README.md,3317,9e8e9245f99a1512c51ef4fe7c1700741864cbed94b22889f0a8d1e175b567d0
UPLOAD_TO_GITHUB.md,1084,9f62fd3ce13bd26ced61962186d20e73c4ed03ed4c606f29b92a4456fd0851c5
assets/MarsPro_framework.png,821373,cde9b12cd20dfef07f2194b3038492d74349603ccc6bb4ca916f1f491d3c2fee
docs/COMPUTE_PROVENANCE.md,1999,0cbeb839026208091a8723ffbf882275bced55fdd68e2cf9dc7f599271db1c98
docs/DATA_AND_CLAIMS.md,1140,80069c2703b0febbea60aec72c83c9670fc36318a30dcb287afe4bfbba7e7cd6
docs/DATA_PROVENANCE.md,1518,efc983319dd6b83b31b5ba0ef68f73d54a94717509bcba40bb013f57db4f2c04
docs/LABEL_SEMANTICS.md,1361,361ed50e84287de66814fa7cf41975335ef9f6cae5e12c07597a29d197c5b365
docs/REFOLDING_PROTOCOL.md,1605,1002b3f61d7cd1cee688456109927ec3703e74e1810ccdd9dc7cea356dd4d8a7
docs/REPRODUCIBILITY.md,1700,b6f21f2592647d62e2b4c1f6d677b59fd51284b5a5b09d306140f89ee53d3004
docs/SOURCE_HOLDOUT_PROTOCOL.md,2838,fc72fb9928e1f9aa59dca278489d2dc0ae51c03d7bec9d1b43ee71ad7e9fd800
docs/source_holdout_candidate_counts.csv,732,4812af6083a8d2998df5d8ff5b1960df89c6d1fa1dce432b60533f6c51a20ddb
paper/Chinese_Overleaf/main.log,27056,0da68dd13bf80aa9868964c827380ef9d5c78c1a12799b5615f38845112e708d
paper/English_Overleaf/main.log,17887,ab69ba49a48981c5cf0979e4ed62e1edf275dc066cb32758538164d103e61a0c
requirements/stage1.txt,183,547138622264f3aeb77130e4b15f1d866dd825336043d031f46647aef9f4eb25
requirements/stage2.txt,97,52bb5f1784e8e8e7bd796e9138eb0227e64a816ef7851a71baff7a3fb1b6ed1c
scripts/build_release_metadata.py,8089,d9cef9a29b08ac0ecfdc40102d00f3ea14023fc4932dfebe136e1cbf976ea98e
scripts/build_source_holdout.py,6752,d9aa81c5f5eb6ead904bd329cf53b23d2c5da1214c92b25307db949b4bc73612
scripts/update_manifest.py,1676,4bb1c8932a47c912648427c06f046d5f030c68773679c5f45f5b7b7f120c5dc9
scripts/verify_release.py,9074,7e9c011af83a13ada69a4cf6631707a388e13ea90188d1c94cc2cb434aaca86d
stage1_prediction/README.md,1756,95c655a61f2dbaed5d356b8ea1fcd3e3391e3a22f397d86ded546ee2cd5c2b5f
stage1_prediction/code/evaluate_predictions.py,17398,e602c2b63a37eac22cb6bddb9812d521510c422b5df8b7c20dc59acd84d94137
stage1_prediction/code/train_prott5_lora.py,19556,f48fdf9a0c34cc7641d4ff8d03d1265e6c2f7c9372b7ccfacd5ae2a6e56b159b
stage1_prediction/config/shared_masked_bce.json,594,22813e2025140a7ca465b3e7e8bb6e8de7128a601e0bfb978f0c157aa5cfd77e
stage1_prediction/config/shared_masked_bce.portable.example.json,717,c2921e1a433fbfa768ab17b6d1275b5a0b1547361306e7f75ed569fbfe1355c9
stage1_prediction/data/DATASET_CARD.md,1164,c50140430fe47364ad10dab95beab93359a3ef961b8858d4c82c7c605b4852df
stage1_prediction/data/checksums.sha256,308,a0c878c77cb5dec6055e8554f3d370e0c67acd38c422338f6ff293ed27b438f7
stage1_prediction/data/metadata_sidecar_40k.csv,38280290,3fe1744aba3efd422152f4a09e8c747c4a491ce0c96cdb737d7363c97d22e9e6
stage1_prediction/data/provenance/endpoint_mapping_rules_v3.csv,2412,7d1e31ce5080f7c13486b3163e56ba5cb312cb2364b5682d4e63ac3b5f1565ce
stage1_prediction/data/provenance/evaluation_entry_protocol_v3.md,2260,5786d33f2cbc1ea59dac075c23bb175c2a396e893bd07dde003bdcc37f8a6a48
stage1_prediction/data/provenance/field_dictionary.csv,14387,4ef3988714a592ca833726cf3e8622e8411e44cf06af4205a80db739495025e3
stage1_prediction/data/provenance/metadata_build_summary.json,2819,f702003ff16676379e9bb3ea20372a05676107aba8bca602ab3f7a59747cb708
stage1_prediction/data/provenance/narrow_target_mapping_rules_v3.csv,5031,4bdab33e1111413174befc96c0c91f05103db266ee8c4c86934ce017b341a521
stage1_prediction/data/provenance/release_audit.json,1089,1b12417a0e8cdc8072d2d62a8fe389bf3fb0d536697fcdf45ba669ae90d8c854
stage1_prediction/data/provenance/six_task_definition_notes_v3.md,1895,fa0f1555ad5bf8fab095ef749c1d323f7aadec5008f2133d4a44cd089e227f7c
stage1_prediction/data/provenance/six_task_definition_table_v3.csv,5958,210e279ea36958e45a9eb7279ed58a3553ae262fef005fe6300009844ed545c2
stage1_prediction/data/provenance/source_inventory_40k.csv,6226,3a333e4380d5538d1a0152f47926527b3057233b20839970342da6fe0b7d1e31
stage1_prediction/data/provenance/source_registry.csv,2791,db3ef65dacb9a58aac79ffde8b68cd8112d793b742a7c4ef9a89bd2b505128d7
stage1_prediction/data/provenance/v3冻结标签与来源审计.xlsx,12242,c8b5c928f197b482a8d17255a52cecfbd91db17c912d81c405c6f22a33e16248
stage1_prediction/data/provenance/validation_checklist_v3.md,1664,a9f2093d41b1a1c00ad16c3c138acf4f98971e65effae69ca2a5e8d3fd284255
stage1_prediction/data/provenance/并集标签变化.csv,2644,73a143d4cf9d2712905fb6ba01453555c34de0c192fd14098eca4dd6af6ee3de
stage1_prediction/data/provenance/标签权重一致性.csv,539,8cfb0b6386a65dfdd466da1be1528b372c7454e8a43075572d391854b42060ed
stage1_prediction/data/provenance/标签状态统计.csv,1452,fa8778079d4e397055815b183c0e45177b73dd7580e3611b4c3c8bb828802409
stage1_prediction/data/provenance/负例依据分层.csv,1865,b00b3f98a224aa5e0a1d49acf653f3df1f559e1d186d053641d41098609da078
stage1_prediction/data/test.csv,1774651,4209142c39017ad0980dc1266355d17b11d1884c4c56bbcc9f50119d565c6c1a
stage1_prediction/data/train.csv,31964831,eca945639360612c09b39bfcbd3c9ebe58ef5752c5247cdc66b34189c09c17c4
stage1_prediction/data/validation.csv,1783389,4365aea244ec2167414e5fc7cb35139f62191eb788d2261fcf1900ec50c84367
stage1_prediction/data/总结.md,1759,6b48f77fa20af2ba1f7d540422e93172151829b62c2b0eb96ee510bb768e6f0e
stage1_prediction/data_build/audit_multidatabase_zero_evidence_v1.py,12683,96b82509e5d330a95346800498b0a9c6d277baa40d149b398e11da6df9bf0dd7
stage1_prediction/data_build/augment_strict_unknown_with_uniprot_v1.py,19705,ec2bd19b0a5a667a21848e800c69d79223c2a64718061cea9b4f55c66c7be077
stage1_prediction/data_build/build_40k_metadata_sidecar_v1.py,28463,afd75f3f7df01eb442eeaf868dc14528291b1f2cc862d8aaebe4419bbc154904
stage1_prediction/data_build/build_strict_unknown_40k_v1.py,16565,b941f7edb4b09a3d6244aad7c4d419acdccd9dc788798e70b11b2c1b22eb06dc
stage1_prediction/data_build/build_union_source_zero_v1.py,15380,a52def79e6bbb5ee01beee9909ff4113b82a92f68f60674efec17488b729a321
stage1_prediction/data_build/merge_user_datasets_v1.py,18451,e54c56ac70815fe782a1b61eacee6e849ddb6bdf5b994bb00d93f7cead244214
stage1_prediction/model/MODEL_CARD.md,788,c144ca473cae80128f44ea1cb0d66065881e8a2798a6650941061ce8d2729a04
stage1_prediction/model/best.pt,8958504,9cac216f122bdccaebd277639062b103854e40d3e2b7b73b1482bfc78ba32073
stage1_prediction/reproducibility/frozen_controls/train_frozen.py,1541,a3dcf29524b2d45eb1284c54c40cda6e785486ea5962e868e3984d93164b52c7
stage1_prediction/reproducibility/frozen_controls/upstream_training.py,19556,f48fdf9a0c34cc7641d4ff8d03d1265e6c2f7c9372b7ccfacd5ae2a6e56b159b
stage1_prediction/reproducibility/frozen_controls/启动核验.json,629,6110bd6d9978f07d812d47731ece2ff9613c9afcc4d42f96af61e9eb9e33e7e3
stage1_prediction/reproducibility/frozen_controls/说明.md,1274,21d2c3e1e594262278bea2d2ae4668b5f15283345245fbef7dc561721133e313
stage1_prediction/reproducibility/mask_ablation/code/prepare_configs.py,3612,c7447c9009f367bdd334e44ebc611805ce868d7d6251c68e467c1f255dfb8bea
stage1_prediction/reproducibility/mask_ablation/code/train_prott5_mask_ablation.py,22341,85b6368d4ddef187701d624081d5a575972ed9c450243f48ab9b5e61748933c2
stage1_prediction/reproducibility/mask_ablation/code/train_traditional_features.py,8286,ac2ac6a3e3383e1f1a32445efb4ebd0bdf8af04ce2387725aa627a375aa59e7a
stage1_prediction/reproducibility/mask_ablation/configs/artificial_missing25_seed42.json,885,a28e1c5bb19e3e16a4e37ea11044f0c46b47584a2e9f9ba2b37f9ec33569c5de
stage1_prediction/reproducibility/mask_ablation/configs/experiment_registry.json,731,61e3bc6ed98fbd97bd0693b7f8d4ee05d3f5f6eafb8821722721460fa7c49d64
stage1_prediction/reproducibility/mask_ablation/configs/features_lightgbm_seed42.json,620,18ee9a8ed175dcb7b3611eaf3e73a4043cb80e6f0a414218840dedc7e0e63f23
stage1_prediction/reproducibility/mask_ablation/configs/features_rf_seed42.json,619,ebfdb4740465bdb2ca1e41fc37f354110654d1390ba9753e279e52515c557356
stage1_prediction/reproducibility/mask_ablation/configs/random_matched_seed42.json,834,865fc6a2a1368810844b0e92927dc4ab0c227b12d33d75edbc878483970cc03f
stage1_prediction/reproducibility/mask_ablation/configs/random_matched_seed43.json,834,df4081b270a647dacd77cd11715ec2a1ec7c1ebb9fdbf582a32b294fa9373ecb
stage1_prediction/reproducibility/mask_ablation/configs/random_matched_seed44.json,834,37c7ba300787576a4e1b8493bf9213b728d98f7cb0d2b67d197a5e77b355dd6a
stage1_prediction/reproducibility/mask_ablation/configs/shuffled_rows_seed42.json,832,7f838f135dbb856778c6bcec1e654b544868fdb7952e77e9950e36124bc111f8
stage1_prediction/reproducibility/mask_ablation/configs/task_aware_seed42.json,826,91a8e345d4898c1e9feb6d9cab52592277b10731f2f76a517e4051f230b98996
stage1_prediction/reproducibility/mask_ablation/configs/task_aware_seed43.json,826,4a44bf714c349e7fbda114afd25eaeb88e3ad5d2df34583ca9ac77bc31ed793a
stage1_prediction/reproducibility/mask_ablation/configs/task_aware_seed44.json,826,64a3110b30642353f86bb7dd2f2a75f73180599a1eb4d3a695caa29292f90cba
stage1_prediction/results/01_既往统一评价/validation_comparison.xlsx,464511,8397d24feabb3e8d84d2f35570d0197487d08c6410d3764ed40c9a270f76d597
stage1_prediction/results/01_既往统一评价/validation_overall_comparison.csv,5920,78eebf711b6197f4fc8ae5223cf7e9088649bbf401725839f4eebdf254dec258
stage1_prediction/results/01_既往统一评价/validation_per_label_comparison.csv,30119,157d9233350a4cc86e053ff94c270e7cd2ad17197b4fb8f39cf14301c61f780a
stage1_prediction/results/01_既往统一评价/validation_relation_strict_comparison.csv,29143,d7d04ecdfcb5f6a5a6d54c7a44335c7229d609b0eaf28a39194de0fe80fec006
stage1_prediction/results/01_既往统一评价/validation_stratified_comparison.csv,705071,b5034450fd95e521407f18dc8543677a0d068638c756367c430d831f3c7077fe
stage1_prediction/results/01_既往统一评价/validation_uncertainty_comparison.csv,57629,a37fb79be57be116e5b9606bae78918094c7befd9351480bea562ba0ba993883
stage1_prediction/results/01_既往统一评价/validation_zero_origin_comparison.csv,17792,c3ddbe6644abdb7bf99236e220302dba147c599b65d42f95ab385bd904906795
stage1_prediction/results/01_既往统一评价/中文验证集阶段结论.md,1798,2ea4908c599d763843a47975388ce92eca0d4370836f4a8054e7a4c41372f25d
stage1_prediction/results/02_本轮原始结果/ProtT5_Frozen_bce_zero_fill_20260913_002449_20260915_044919/complete.json,455,72567236cebc68dd97d7e884c1ac94e269108ee0943ce30c8d88835beb9bcfee
stage1_prediction/results/02_本轮原始结果/ProtT5_Frozen_bce_zero_fill_20260913_002449_20260915_044919/config.json,944,3a73bbd8ee0f54fea95b849864ee6f23b6734113ce1124ab21f62d94c12fd26d
stage1_prediction/results/02_本轮原始结果/ProtT5_Frozen_bce_zero_fill_20260913_002449_20260915_044919/metrics/validation_epoch_1.json,4338,fe06706d4024c3b478d7f5425ebf97ba51e0c211b1b40da86472729072e28ff3
stage1_prediction/results/02_本轮原始结果/ProtT5_Frozen_bce_zero_fill_20260913_002449_20260915_044919/metrics/validation_epoch_2.json,4337,7a476d451cc4cee47941aa49cabd08b86459f6d091ed5d5844dbe36e53ac4957
stage1_prediction/results/02_本轮原始结果/ProtT5_Frozen_bce_zero_fill_20260913_002449_20260915_044919/metrics/validation_epoch_3.json,4331,5c7e9184e69661ec8b5503c0a82b99e5d4ad15acac24236e2fc3ff06fa5d49ad
stage1_prediction/results/02_本轮原始结果/ProtT5_Frozen_bce_zero_fill_20260913_002449_20260915_044919/metrics/validation_epoch_4.json,4329,41c941feadca4488c1f54b77a3008142d4d11cd7660b805dc3355e9d94cd7e29
stage1_prediction/results/02_本轮原始结果/ProtT5_Frozen_bce_zero_fill_20260913_002449_20260915_044919/metrics/validation_epoch_5.json,4325,11a793e5e2a516d49e37a1efa9d08627b7a4c07f66a2141d97c7d4cdf7f41544
stage1_prediction/results/02_本轮原始结果/ProtT5_Frozen_bce_zero_fill_20260913_002449_20260915_044919/training_manifest.json,805,c89984c3d63133cd7a406a22b971ed9149665da4f37da77835f9d25f2a5461ba
stage1_prediction/results/02_本轮原始结果/ProtT5_Frozen_bce_zero_fill_20260913_002449_20260915_044919/validation_predictions.npz,54939,d263a1f25c3e17b6ea8f5bdc67f552f9333d411b18ca83193f0964816bc29a30
stage1_prediction/results/02_本轮原始结果/ProtT5_Frozen_masked_bce_20260913_002449_20260915_052649/complete.json,442,cd7d378df1a91b6bf782176078106586ff14f09af5ed26c66c61323f589a9769
stage1_prediction/results/02_本轮原始结果/ProtT5_Frozen_masked_bce_20260913_002449_20260915_052649/config.json,938,bf6054a9811f9c390c598322b41b9fb3ca9ad9f8011d7c95d98d2d02291b4c1c
stage1_prediction/results/02_本轮原始结果/ProtT5_Frozen_masked_bce_20260913_002449_20260915_052649/metrics/validation_epoch_1.json,4318,72638a27dbabb797e3ddf05e78f29a0d60aa483e5ab31cdb8db6f63ca3ea0461
stage1_prediction/results/02_本轮原始结果/ProtT5_Frozen_masked_bce_20260913_002449_20260915_052649/metrics/validation_epoch_2.json,4311,47202c6778370a6e4f9b41b894dd76aa5d6fa276202d11a68d62405a86e2a294
stage1_prediction/results/02_本轮原始结果/ProtT5_Frozen_masked_bce_20260913_002449_20260915_052649/metrics/validation_epoch_3.json,4314,d2726de105b2bae113df3584e9c7c169f8c77021e2984db5e12300a367114f2d
stage1_prediction/results/02_本轮原始结果/ProtT5_Frozen_masked_bce_20260913_002449_20260915_052649/metrics/validation_epoch_4.json,4311,27ec0f11a11ccb328e5dc342f0ea34f3ecd4f8267748b2ef744749ac38eaf2f2
stage1_prediction/results/02_本轮原始结果/ProtT5_Frozen_masked_bce_20260913_002449_20260915_052649/metrics/validation_epoch_5.json,4315,58dcc131c003950ad47444d17d4256ea3acad818b8bf99f7118f8252de7f2110
stage1_prediction/results/02_本轮原始结果/ProtT5_Frozen_masked_bce_20260913_002449_20260915_052649/training_manifest.json,793,34409d04d0d69854cb01648b247ab984fa272e8ac26d6f5f7c2fd728e30be5f3
stage1_prediction/results/02_本轮原始结果/ProtT5_Frozen_masked_bce_20260913_002449_20260915_052649/validation_predictions.npz,50961,8fb6ebd710efed053a11b764228fb11ef57512a15bb46a6a79ddedd4aeabe0bd
stage1_prediction/results/02_本轮原始结果/mask_causal_traditional_20260912_141236_artificial_missing25_seed42_20260912_141349/complete.json,446,d15654d526e98ea7077ce48d286edbb0d2e39840513672495f5411f3d4c98770
stage1_prediction/results/02_本轮原始结果/mask_causal_traditional_20260912_141236_artificial_missing25_seed42_20260912_141349/config.json,859,195a38ea5d0b59cdc55917ce3d035a52fefa46b25bf1cd1c99b3e28c8bdea516
stage1_prediction/results/02_本轮原始结果/mask_causal_traditional_20260912_141236_artificial_missing25_seed42_20260912_141349/metrics/validation_epoch_1.json,4301,59702d9d62d6a9bf13de651b04f6b675854d8aed0d5369e3f16d8dff51340109
stage1_prediction/results/02_本轮原始结果/mask_causal_traditional_20260912_141236_artificial_missing25_seed42_20260912_141349/metrics/validation_epoch_2.json,4319,03471021bbac93afff5f804b4da55f81eee6e1d4f1ee7ac4255413d18e04ffc6
stage1_prediction/results/02_本轮原始结果/mask_causal_traditional_20260912_141236_artificial_missing25_seed42_20260912_141349/metrics/validation_epoch_3.json,4316,153564d6ab589b12a5e3cbbfa210d6788a70c7e9ec7306e3849cd4d2905f45d2
stage1_prediction/results/02_本轮原始结果/mask_causal_traditional_20260912_141236_artificial_missing25_seed42_20260912_141349/metrics/validation_epoch_4.json,4312,3f2976896b56ae8488673ef1c818905fcec5c331bb84198ebaa10c704f83ae3c
stage1_prediction/results/02_本轮原始结果/mask_causal_traditional_20260912_141236_artificial_missing25_seed42_20260912_141349/metrics/validation_epoch_5.json,4331,63ad2fc110d02028f295c0b12b8626c7a67262a4d946b8580c1134b3e8fdc723
stage1_prediction/results/02_本轮原始结果/mask_causal_traditional_20260912_141236_artificial_missing25_seed42_20260912_141349/training_manifest.json,1439,fe21c148389725624d34c8d50c00d5c7b050e652e58298cf459d7588ec3ea3c8
stage1_prediction/results/02_本轮原始结果/mask_causal_traditional_20260912_141236_artificial_missing25_seed42_20260912_141349/validation_predictions.npz,49924,7c6b2aceb97ffefc6225f1ef3c405f5e6f2be17d1b85fbd8689a27bd80df934c
stage1_prediction/results/02_本轮原始结果/mask_causal_traditional_20260912_141236_features_lightgbm_seed42/complete.json,419,2035d5c05e5a845b816d89ac8f53d0dec1cc5e6076f11a419cf2946089bf58ae
stage1_prediction/results/02_本轮原始结果/mask_causal_traditional_20260912_141236_features_lightgbm_seed42/config.json,599,6e7249d7e043b4ac4312aef37fa1574e744d91b9e4f5242357365f18a032f0e0
stage1_prediction/results/02_本轮原始结果/mask_causal_traditional_20260912_141236_features_lightgbm_seed42/validation_metrics.csv,853,e6932370f052aeb374c343eef131e45884983a9e65ea89d3d60cf3c48e0fc9de
stage1_prediction/results/02_本轮原始结果/mask_causal_traditional_20260912_141236_features_lightgbm_seed42/validation_predictions.csv,282457,797eb6b1a5c0faf371972c9e38ca23dc796f84adae1abb1db99fb5fd63b2f22b
stage1_prediction/results/02_本轮原始结果/mask_causal_traditional_20260912_141236_features_rf_seed42/complete.json,424,fa56163f6043418de67ed73aacedb06a80badaba9559ad61b4f6064bf45a013c
stage1_prediction/results/02_本轮原始结果/mask_causal_traditional_20260912_141236_features_rf_seed42/config.json,598,b32ca25cf3405c74d539ce5605d25226499206d184f8dcbc9d23c6fd7c6edaca
stage1_prediction/results/02_本轮原始结果/mask_causal_traditional_20260912_141236_features_rf_seed42/validation_metrics.csv,855,c40ecdaa895dc003416324efd2817e77e061ede77b8f82bd776c832ef1a79b00
stage1_prediction/results/02_本轮原始结果/mask_causal_traditional_20260912_141236_features_rf_seed42/validation_predictions.csv,280992,9969a242e5183528b8c040fa17cb35e05d485953fae53b26d2087dfc4c6821d1
stage1_prediction/results/02_本轮原始结果/mask_causal_traditional_20260912_141236_random_matched_seed42_20260912_141323/complete.json,458,034b619c063a987f795ad61e04b3c749e4138fe4a143dd33cb22ebe321b96874
stage1_prediction/results/02_本轮原始结果/mask_causal_traditional_20260912_141236_random_matched_seed42_20260912_141323/config.json,809,09bbcc35baf3e48f373a31384fe938c24f6a97df788c86e0fd8ea62f18210f02
stage1_prediction/results/02_本轮原始结果/mask_causal_traditional_20260912_141236_random_matched_seed42_20260912_141323/metrics/validation_epoch_1.json,4337,c47efae5d6e1ec49bfe72c6c804d5fa233f890c6acbe07df554aad39c2bc892a
stage1_prediction/results/02_本轮原始结果/mask_causal_traditional_20260912_141236_random_matched_seed42_20260912_141323/metrics/validation_epoch_2.json,4330,152fd5693510af594655dc9fc5d10d5ca5fcb70f1d5fc6180fbf9499ab777e45
stage1_prediction/results/02_本轮原始结果/mask_causal_traditional_20260912_141236_random_matched_seed42_20260912_141323/metrics/validation_epoch_3.json,4323,57c84221af131c9be953d4b4f2b5f40adf89e0750d26682918c835944990a2b6
stage1_prediction/results/02_本轮原始结果/mask_causal_traditional_20260912_141236_random_matched_seed42_20260912_141323/metrics/validation_epoch_4.json,4327,be84b29301180e4a6ede73dfcf3ac125b0218c6ca24cefe5fe3d052ed25dafd6
stage1_prediction/results/02_本轮原始结果/mask_causal_traditional_20260912_141236_random_matched_seed42_20260912_141323/metrics/validation_epoch_5.json,4324,afa6b5cc71a0bdb2a525ef3b8c1949aef20efff79e8e2027dd8a0bbc83c6a268
stage1_prediction/results/02_本轮原始结果/mask_causal_traditional_20260912_141236_random_matched_seed42_20260912_141323/training_manifest.json,1457,0cec7e4139fea3709fa30fe4def969bdd7e1d0608f2b4689bb3c91e8f870259f
stage1_prediction/results/02_本轮原始结果/mask_causal_traditional_20260912_141236_random_matched_seed42_20260912_141323/validation_predictions.npz,54872,390bf62317cbfbd431825306875e0569ac764c1f196bb08cc46a0bde07b1c7d5
stage1_prediction/results/02_本轮原始结果/mask_causal_traditional_20260912_141236_random_matched_seed43_20260912_141322/complete.json,463,6ba2147f4bd86e41e32aec4c2754efbc881029eccd05bda43e2001e239a4a596
stage1_prediction/results/02_本轮原始结果/mask_causal_traditional_20260912_141236_random_matched_seed43_20260912_141322/config.json,809,7e760591ad618e849e944ebee1feaae44341d716278a150be8b5c57de3540ee3
stage1_prediction/results/02_本轮原始结果/mask_causal_traditional_20260912_141236_random_matched_seed43_20260912_141322/metrics/validation_epoch_1.json,4335,7608d517224566b06bd76dc4799af3028688ab42c13f049b78ff71259860cfaf
stage1_prediction/results/02_本轮原始结果/mask_causal_traditional_20260912_141236_random_matched_seed43_20260912_141322/metrics/validation_epoch_2.json,4330,91c7c86b5defac37c0d22214faa465e5e6522e328d3da372ce1fb7f1c97fdab8
stage1_prediction/results/02_本轮原始结果/mask_causal_traditional_20260912_141236_random_matched_seed43_20260912_141322/metrics/validation_epoch_3.json,4326,7a7bec4b886492ebd77a53467d0bc841a5f78df08391ac9df43d4a540ac987f0
stage1_prediction/results/02_本轮原始结果/mask_causal_traditional_20260912_141236_random_matched_seed43_20260912_141322/metrics/validation_epoch_4.json,4343,61bcb4f9a2c6beb24ee5b5f2aeadf9c8c0310fb219048b847adea66a2245c469
stage1_prediction/results/02_本轮原始结果/mask_causal_traditional_20260912_141236_random_matched_seed43_20260912_141322/metrics/validation_epoch_5.json,4321,f8573c957bf9545d1e51f56ec6bd3851c0602a83d2b8dbba7709680605d226d7
stage1_prediction/results/02_本轮原始结果/mask_causal_traditional_20260912_141236_random_matched_seed43_20260912_141322/training_manifest.json,1457,e89c0262ee9f109fa827425d573de4c0018a3d9e4f6d8920b98a0efaa57404a9
stage1_prediction/results/02_本轮原始结果/mask_causal_traditional_20260912_141236_random_matched_seed43_20260912_141322/validation_predictions.npz,54815,ca7d3d3dbd0b7a22d5ea246606bf79c693bbefa6fac05684d9c641151c374902
stage1_prediction/results/02_本轮原始结果/mask_causal_traditional_20260912_141236_random_matched_seed44_20260912_141344/complete.json,458,26fca986622133464b24ecd85b598fe6c68aef5f55f44441ce0d651f948c601d
stage1_prediction/results/02_本轮原始结果/mask_causal_traditional_20260912_141236_random_matched_seed44_20260912_141344/config.json,809,5099b953f10df761f4ca0cb8dd9ae7c863e4779af301bbde6d1dfe60e943f819
stage1_prediction/results/02_本轮原始结果/mask_causal_traditional_20260912_141236_random_matched_seed44_20260912_141344/metrics/validation_epoch_1.json,4339,205b375fda107a7d8241a7997b802a959b36a72cfa79be3724dfc139a87c7299
stage1_prediction/results/02_本轮原始结果/mask_causal_traditional_20260912_141236_random_matched_seed44_20260912_141344/metrics/validation_epoch_2.json,4322,f47b83129158338b1ffba2ee2c75c27b307fb66bfc90457e2c05e6a267b6ac48
stage1_prediction/results/02_本轮原始结果/mask_causal_traditional_20260912_141236_random_matched_seed44_20260912_141344/metrics/validation_epoch_3.json,4332,3dc73182eafef9fb44898422ac62c576bf3c748b00e57605f89add2eec2a0ac0
stage1_prediction/results/02_本轮原始结果/mask_causal_traditional_20260912_141236_random_matched_seed44_20260912_141344/metrics/validation_epoch_4.json,4336,8f097b5c71872f88b96bfdbdff1f990b4751a5086cd0cde7bf7b89e2b84bd5ad
stage1_prediction/results/02_本轮原始结果/mask_causal_traditional_20260912_141236_random_matched_seed44_20260912_141344/metrics/validation_epoch_5.json,4338,db6df8378c438a450ec66c235cdf68e2e7b496676476002d561c4e57d3516b9b
stage1_prediction/results/02_本轮原始结果/mask_causal_traditional_20260912_141236_random_matched_seed44_20260912_141344/training_manifest.json,1457,8f91684029380a569f27d9a3a397bffff80be4c5ec522522ec576c658578a2c1
stage1_prediction/results/02_本轮原始结果/mask_causal_traditional_20260912_141236_random_matched_seed44_20260912_141344/validation_predictions.npz,54943,35b304e69f7c8939e9657f1f503aa32d0ed0e332b9fba681cdf2670c95cf3a19
stage1_prediction/results/02_本轮原始结果/mask_causal_traditional_20260912_141236_shuffled_rows_seed42_20260912_141344/complete.json,457,6948483412a85968e288eef2c1407342c7004d793ceb9a7e2bb9abb4532641d1
stage1_prediction/results/02_本轮原始结果/mask_causal_traditional_20260912_141236_shuffled_rows_seed42_20260912_141344/config.json,807,67cb04ae105236010e1fa8cda2720ad3eabb8f810772a49e02ca48bf57a8d7fc
stage1_prediction/results/02_本轮原始结果/mask_causal_traditional_20260912_141236_shuffled_rows_seed42_20260912_141344/metrics/validation_epoch_1.json,4322,9650fe1c26def0866ba2adacedc8ec8c94f50713cac74da79b9d41e17d4b538d
stage1_prediction/results/02_本轮原始结果/mask_causal_traditional_20260912_141236_shuffled_rows_seed42_20260912_141344/metrics/validation_epoch_2.json,4338,6b88cc21d796669dbdcded9210b1ea35d667bc5dc715a73990515626890e8ade
stage1_prediction/results/02_本轮原始结果/mask_causal_traditional_20260912_141236_shuffled_rows_seed42_20260912_141344/metrics/validation_epoch_3.json,4345,b2acbf1126add9c27b0bd69e1319d7edc9cfb98120be5fff6bfe0d449c2ed4da
stage1_prediction/results/02_本轮原始结果/mask_causal_traditional_20260912_141236_shuffled_rows_seed42_20260912_141344/metrics/validation_epoch_4.json,4339,052a9876f88fc61329c4309e4223c13feec6050f1741c2c9e890c7e6ef9e13eb
stage1_prediction/results/02_本轮原始结果/mask_causal_traditional_20260912_141236_shuffled_rows_seed42_20260912_141344/metrics/validation_epoch_5.json,4337,117449460f58e7525c995c501f4cf2ae6c18b916389cdf0f9c564ce9bb26f74b
stage1_prediction/results/02_本轮原始结果/mask_causal_traditional_20260912_141236_shuffled_rows_seed42_20260912_141344/training_manifest.json,1456,f430154dd1c6a19909452fe2d66593abb81684f4d645b475ff1c4839c638adc2
stage1_prediction/results/02_本轮原始结果/mask_causal_traditional_20260912_141236_shuffled_rows_seed42_20260912_141344/validation_predictions.npz,54881,f9e8915dee703d52924b9141390d1f6589a212e9f74d9a5f1fa5d53ba849385f
stage1_prediction/results/02_本轮原始结果/mask_causal_traditional_20260912_141236_task_aware_seed42_20260912_141322/complete.json,436,13caa112d3c03b65b11683b76815fd4b2ef0395a48198903a542c7ff14d41c99
stage1_prediction/results/02_本轮原始结果/mask_causal_traditional_20260912_141236_task_aware_seed42_20260912_141322/config.json,801,d1d96ad02f3bd21da5b2afea42063d17e829f03d86dab2d4e9763e4baf432a21
stage1_prediction/results/02_本轮原始结果/mask_causal_traditional_20260912_141236_task_aware_seed42_20260912_141322/metrics/validation_epoch_1.json,4308,29c8498585b484ec06df4c454d385b882af57e1baa38d135ecf4eb5f7447f43b
stage1_prediction/results/02_本轮原始结果/mask_causal_traditional_20260912_141236_task_aware_seed42_20260912_141322/metrics/validation_epoch_2.json,4315,97e04ada84b1b5a8c8f857685f19a30d87d653da13e42b654d7c11ad10bbaa91
stage1_prediction/results/02_本轮原始结果/mask_causal_traditional_20260912_141236_task_aware_seed42_20260912_141322/metrics/validation_epoch_3.json,4326,ff3e87cd617dce844c4c7414835f2e92fb5c95001c3adc4258dbe464979e72ec
stage1_prediction/results/02_本轮原始结果/mask_causal_traditional_20260912_141236_task_aware_seed42_20260912_141322/metrics/validation_epoch_4.json,4320,aae326b15b667d2836579c868ebefad9859d6239f043353c647ae77e5d79c82e
stage1_prediction/results/02_本轮原始结果/mask_causal_traditional_20260912_141236_task_aware_seed42_20260912_141322/metrics/validation_epoch_5.json,4330,2d954764b343cabcd9801b2a232c87269c7cc9cc51c03698b663eac31488d827
stage1_prediction/results/02_本轮原始结果/mask_causal_traditional_20260912_141236_task_aware_seed42_20260912_141322/training_manifest.json,1437,6ae3f20cebee6fa916d4b8ac316d9b6169047b4d5b83cddac59302fdf0f190a2
stage1_prediction/results/02_本轮原始结果/mask_causal_traditional_20260912_141236_task_aware_seed42_20260912_141322/validation_predictions.npz,50210,8aaf5bdacefbcd0fb7cc9ea87977f01476d7adcabadfdf51874bf3c8e102afcf
stage1_prediction/results/02_本轮原始结果/mask_causal_traditional_20260912_141236_task_aware_seed43_20260912_141323/complete.json,440,4c891ca3ea8a618f0013d969fed899ff1e5ff62f3ce37e7a929056879ee3fe6a
stage1_prediction/results/02_本轮原始结果/mask_causal_traditional_20260912_141236_task_aware_seed43_20260912_141323/config.json,801,bd5b9e3c69db4a1239c234f05ef9055d3951eb3878e55350bd670697611ae4dc
stage1_prediction/results/02_本轮原始结果/mask_causal_traditional_20260912_141236_task_aware_seed43_20260912_141323/metrics/validation_epoch_1.json,4318,4abdad20270a865e5595bd3cbb2f0af64006f955d9755f675334b47491a33e16
stage1_prediction/results/02_本轮原始结果/mask_causal_traditional_20260912_141236_task_aware_seed43_20260912_141323/metrics/validation_epoch_2.json,4324,ed17ac887592fa5c5008d3066282b305f377be112cbf0af6ca949f0f8ff06c07
stage1_prediction/results/02_本轮原始结果/mask_causal_traditional_20260912_141236_task_aware_seed43_20260912_141323/metrics/validation_epoch_3.json,4316,2b6c1ffd19ca7707a26d1a7526b8fe839ef182117368edf9581f7faa739c493e
stage1_prediction/results/02_本轮原始结果/mask_causal_traditional_20260912_141236_task_aware_seed43_20260912_141323/metrics/validation_epoch_4.json,4313,52c637c3e22cab59946f2476f4a1ca9695db517d334998a8697e2af5fcc83d19
stage1_prediction/results/02_本轮原始结果/mask_causal_traditional_20260912_141236_task_aware_seed43_20260912_141323/metrics/validation_epoch_5.json,4308,54f3e1b1a8c07bee01aee5969419e103eb5f426d767d94151da8e9618f6ba878
stage1_prediction/results/02_本轮原始结果/mask_causal_traditional_20260912_141236_task_aware_seed43_20260912_141323/training_manifest.json,1437,6b96f492bb6bc77eadf4f73d05d40869dc29085e0af3fd7ac4e54b6378de9fda
stage1_prediction/results/02_本轮原始结果/mask_causal_traditional_20260912_141236_task_aware_seed43_20260912_141323/validation_predictions.npz,49834,bc0174259f6425831c1b24282012a4002f3a90ae0f7b7fb4fcb2d419cb173d43
stage1_prediction/results/02_本轮原始结果/mask_causal_traditional_20260912_141236_task_aware_seed44_20260912_141349/complete.json,429,61013a7233f14c8c2a36a6bad32e200c8685a5156246849101fd7531cbd0393c
stage1_prediction/results/02_本轮原始结果/mask_causal_traditional_20260912_141236_task_aware_seed44_20260912_141349/config.json,801,754fb7af12303c1a3881126130d257c998daa5f5ef063176885f8a25adbaca91
stage1_prediction/results/02_本轮原始结果/mask_causal_traditional_20260912_141236_task_aware_seed44_20260912_141349/metrics/validation_epoch_1.json,4311,9227ae9f0e473a34f774ef8577bc8abfea8805f8ab45028377977fcff5603c7b
stage1_prediction/results/02_本轮原始结果/mask_causal_traditional_20260912_141236_task_aware_seed44_20260912_141349/metrics/validation_epoch_2.json,4319,2ea92f8a107d7039c647edded6eaf028959cce38049464d751d7c21153ef3699
stage1_prediction/results/02_本轮原始结果/mask_causal_traditional_20260912_141236_task_aware_seed44_20260912_141349/metrics/validation_epoch_3.json,4326,e6a612e8d4d4834c49d342383fa3a34828e6cd0cf4fc654ba1151f767e2ab212
stage1_prediction/results/02_本轮原始结果/mask_causal_traditional_20260912_141236_task_aware_seed44_20260912_141349/metrics/validation_epoch_4.json,4314,1dd7641c823c2e1c93877902109e403631555128196ddb448a458d07e56a24f3
stage1_prediction/results/02_本轮原始结果/mask_causal_traditional_20260912_141236_task_aware_seed44_20260912_141349/metrics/validation_epoch_5.json,4331,898070d862a22a638f3372125ff91d5c0e450dc303c8cbd732b1ee760b8bfa05
stage1_prediction/results/02_本轮原始结果/mask_causal_traditional_20260912_141236_task_aware_seed44_20260912_141349/training_manifest.json,1437,61720e13d8f422f702446eb4c99ff1acc6a53551f5376c8f4919bd26fc9f3738
stage1_prediction/results/02_本轮原始结果/mask_causal_traditional_20260912_141236_task_aware_seed44_20260912_141349/validation_predictions.npz,50464,0e351708ec90cd80b0ea9f493d10c80168dee224a94a3c913389ea4d7f6057e2
stage1_prediction/results/02_本轮原始结果/冻结ProtT5_分标签核验.csv,2315,433aa3ac79a23532dc2dabee70260c1e1de75b050ea630b0639b05954be23b53
stage1_prediction/results/02_本轮原始结果/本轮分标签结果.csv,22702,47f2b6bf89fe219bec9232d7e18f7e03d495533f5d714559840c14f4f103a103
stage1_prediction/results/02_本轮原始结果/本轮逐轮AP.csv,5791,01776b5c753a5f16e6f778d69dec4550d2f4a9da0697fd9b42effb841a334f16
stage1_prediction/results/ablations/00_实验目录_去重.csv,3823,441d3a9aa733cfb969afcc08002726ed5218d950f1a5d0cbb878d5eda62b7d7a
stage1_prediction/results/ablations/00_方法ID新旧对照.csv,1637,8ef01e85eed137ccb9941aa491aa01c33bd7f355e09d26874a57586b02a5310b
stage1_prediction/results/ablations/00_本轮方法汇总.csv,1080,cae59f0ff1bb37e5d3550d52d92affb1843a03d8671e479acccddd5104a986d7
stage1_prediction/results/ablations/00_结果总表_保留批次与种子.csv,11829,a7e9acfa9cab42f0815aed9c758be364694919581bde7d51fea555c3b3fb4a01
stage1_prediction/results/ablations/00_结果总表_易读方法名.csv,11829,a7e9acfa9cab42f0815aed9c758be364694919581bde7d51fea555c3b3fb4a01
stage1_prediction/results/ablations/00_结果总表_易读方法名.xlsx,11211,08436333fe1b023de4c21d362a64dcdc4e59171c807d8565b1f5d8ee5015c047
stage1_prediction/results/ablations/冻结ProtT5_核验.json,953,faa423403a6eba8f6dfb50ed41e18f519227e92f063240a50b568a4d9af28fc5
stage1_prediction/results/ablations/文件校验清单.csv,24691,f9045c4541fe8ec84f60fe6bdfeb17dc3c544e74d16e0bfb966bab3a95483fe0
stage1_prediction/results/ablations/说明.md,9060,17f1eedb5ffca01536b0e1ee3d5c9e8ef58343e4abc70a4d8ab5e5f4ba63dea6
stage1_prediction/results/best_model/validation_comparison.xlsx,236256,63821e83e7dd1f577087e02cc36cebcd4e28b69a789d81a27e85e3d0e317ac6e
stage1_prediction/results/best_model/validation_overall_comparison.csv,2710,283e9556d2ac0296da205859ff8c45230e50a01484e495fc8d84bf9e39c0396a
stage1_prediction/results/best_model/validation_per_label_comparison.csv,15100,16d4071450740c707d50357b8833d7e57d497e5f5859d20798f39cf048bbead3
stage1_prediction/results/best_model/validation_predictions.npz,50656,ef2afb3761c17f0c573b508b25ff45b6a830e255c81dae5394b4e9f7be940088
stage1_prediction/results/best_model/validation_relation_strict_comparison.csv,14591,1d4d0e785f31d444fcb35ad5c7f59d8d65d3b7f1dd66169a65123d20788442c3
stage1_prediction/results/best_model/validation_stratified_comparison.csv,349787,c4a21ae29114cf89eebcecd3dec73a816e78420767faff0cdeeef40151b0a7dd
stage1_prediction/results/best_model/validation_uncertainty_comparison.csv,28562,6c0ec9eff1b3be982a6fc8bf825c035a2c7cbe1b4b12cf9fb92ee7d3f2324ac9
stage1_prediction/results/best_model/validation_zero_origin_comparison.csv,8783,b378dad000d60e3449c33b30f9b77c433a6f33e6e34f413bbef9d71b39039455
stage1_prediction/results/best_model/中文验证集阶段结论.md,1142,c113a0162262cf567004770f73b9953e92aa004996ea5666ff3ede1afe6ec41c
stage1_prediction/results/locked_test/code/evaluate_predictions.py,17398,e602c2b63a37eac22cb6bddb9812d521510c422b5df8b7c20dc59acd84d94137
stage1_prediction/results/locked_test/code/score_locked_test.py,6415,6509f593b3242fecff20fd735e023fa02164305ebdb8eeadfa484372b306a7b7
stage1_prediction/results/locked_test/evaluation/calibration_bins.csv,3740,03294ffd2ce8f71e162fb6add0cb9b131f3b5772fac28ffb0d988d6dd0d7d485
stage1_prediction/results/locked_test/evaluation/evaluation_tables.xlsx,37676,869148ceb74539790a31236008cdfec45b323b422260b5d67b58dada29b4fdc6
stage1_prediction/results/locked_test/evaluation/multilabel_group_metrics.csv,1007,13cabcfdd95dc97372a1bef31906f66a444c2ea067c3ca4786668fe0d56ce6e5
stage1_prediction/results/locked_test/evaluation/overall_metrics.json,1139,3caf0166eb2634c4994411baf9a1aa0d18ad186c845be92de2825801d6ba8566
stage1_prediction/results/locked_test/evaluation/per_label_metrics.csv,2182,8257044e09f474900b4f3f02ef0edf1df77c45314b7a8462cd7a7072787a24a9
stage1_prediction/results/locked_test/evaluation/predictions_enriched.csv,2156554,fa1e935d843fc1ff37385efc463785832593ef002bae2471cdba95fe9e256721
stage1_prediction/results/locked_test/evaluation/relation_component_strict_metrics.csv,2137,91b9df90deada74071b4d1e5bf1de637c285f17dfbb1304541884b2eb5411b6f
stage1_prediction/results/locked_test/evaluation/stratified_metrics.csv,44347,06217ec90885ca73d05e12f1344a37ad345860e75d71020f800b18a679abfa73
stage1_prediction/results/locked_test/evaluation/uncertainty_intervals.csv,3816,1279e81f29d78bff89612d9acf7351456eb7e3c72db4147bd10c508296a9b286
stage1_prediction/results/locked_test/evaluation/validation_test_comparison.csv,1564,10e411565638a5fefed195f2f25bae4792d48cb9aa06ae2fd97c44a964147612
stage1_prediction/results/locked_test/evaluation/zero_origin_metrics.csv,1123,a89e9f85a40aa35c37b0daea8a1a5290a6793c2ec8afbae66f4925342cb25ba3
stage1_prediction/results/locked_test/frozen_thresholds.json,172,31925147c8c3ec48374e412cf55da7c7def524ec34a1976306e079bc04979852
stage1_prediction/results/locked_test/inputs/blind_input_manifest.json,339,4839fcb637c492c841b82f736b49f578fec2c30585d4cb6380216fb69b064aba
stage1_prediction/results/locked_test/inputs/validation_sentinel.json,16101,6cdb46b29aeda9b4d9ad20ceba1dabee06e4811aba16296146a02c915ac92904
stage1_prediction/results/locked_test/outputs/attempt_1_failed/inference.log,1547,a963dbb9b3644fc6dacaec70bf3337b07b4c326c48608d9a5ef7db648691c05b
stage1_prediction/results/locked_test/outputs/attempt_1_failed/launch.json,498,9516204650693c9a6eeda69e1211fd79fe3ffa2e7c766d73abd3426d4617d9d6
stage1_prediction/results/locked_test/outputs/inference.log,1042,f45a2adb22d78c27ef3bf0993b0ae662778037ea758e35484a58359a1c57def3
stage1_prediction/results/locked_test/outputs/prediction_seal.json,607,a84a91104c0ec93be6eab8b700f2e66cec1654dbce42f75aac27ae761b97b220
stage1_prediction/results/locked_test/outputs/resource_before.json,628,171c8bcf6c0b01bcd1fabcf4d62996a26f947bd645dd1a87aaeddcd72cec86a8
stage1_prediction/results/locked_test/outputs/status.json,607,a84a91104c0ec93be6eab8b700f2e66cec1654dbce42f75aac27ae761b97b220
stage1_prediction/results/locked_test/outputs/test_probabilities.csv,213775,fa9145250805db1cf60760bbeb596fe17300e6b8a90179636f25119b34522299
stage1_prediction/results/locked_test/protocol.json,1505,598c60ed087a31b450bb033c6ff6d44215c078cc5a2f53371c4d1a7b9c6c792e
stage1_prediction/results/locked_test/protocol_amendment_1.json,491,099d41156cabbb24ed244be46013719bdadb0b0f2f158a89576127d76ca2555a
stage1_prediction/results/locked_test/文件校验清单.csv,1324,51ceeef648a52aaf1b0f9d781d37d5a11afb7e71fbc6d611a852d45f7f2557e9
stage1_prediction/results/locked_test/锁定测试报告.md,2987,0e1d6e2eb31804113be14b47cf15c5d4d450740d6ec6fbfcc8d8253b4887783f
stage2_design/README.md,978,d8d7a5d9af722032003091afea166ce34047c82973aca0f9c68081e69c941b98
stage2_design/fixed_test_1000/code/analyze_rescoring.py,16381,1820bdedb0a754dcded1f924b452b5b42c37a545e29ea70665a8003d93059b43
stage2_design/fixed_test_1000/code/build_mpnn_input.py,1650,33d870979a5d0d25e1afa608dd95b227ecc442182e28fa87b64854cb3e6919a8
stage2_design/fixed_test_1000/code/compute_sequence_novelty.py,6755,f91db4cbacc1e834522a201cfe6cbdad441707026a10658319f23b793c0b0f73
stage2_design/fixed_test_1000/code/compute_structure_surface.py,14116,6352b9d9b70f9f2fe027fe5f738e7c256aa87718ea205cff9ebae7187476b2d2
stage2_design/fixed_test_1000/code/fold_esmfold_v1.py,5979,79a584a5d559b526a0425ed19a98055cea99e736e4182458821a6ee125db1f29
stage2_design/fixed_test_1000/code/generate_matched_mpnn.py,8925,08db7274d225409ebc30773cd4a1c8f101d3eafde0993c39d6d4af2c8d9b68f4
stage2_design/fixed_test_1000/code/prepare_scoring_inputs.py,2577,619b5525b5a3ba2b9c81d14d5a14c698162d1f0864adf0d9ca29dc4e635d58b6
stage2_design/fixed_test_1000/code/prepare_selection.py,8590,f43819fc831dbb2496e35048732f5dc2e7880e61deaedcc4d141b8f3c3a40a41
stage2_design/fixed_test_1000/code/score_frozen_prott5.py,5379,3100620aeb28b239615ea044a1ed15a7a9b4535209640afb395867aa5d715110
stage2_design/fixed_test_1000/completion_manifest.json,802,a14b753e315ea95da3c5c67c2b1f0e9e04e4155d88f20cbb960017cb0193e952
stage2_design/fixed_test_1000/designs/base_seed42.csv,322087,fe55c94a850144d0fb93b8735661be27604a5e4444e91ddbbf3bf7b1f010156a
stage2_design/fixed_test_1000/designs/base_seed43.csv,322087,6b518f3292aeb839ab5411ca89e350c5ecc9c9256f63b71be127a61bdceac497
stage2_design/fixed_test_1000/designs/base_seed44.csv,322087,6d40456e377397bf9540c11de4733b26d0807ed338d0c19f0356617100f545d9
stage2_design/fixed_test_1000/designs/joint_lora_seed42.csv,328087,90bcadf802f5988e9cc7ef3a9dd724c2e44d1f10d9f492fb56b6023a8bd03a6d
stage2_design/fixed_test_1000/designs/joint_lora_seed43.csv,328087,fe93b495486c970ce8b4fcc5287cb5250e0399e21d77c7d6d3b778935fea7896
stage2_design/fixed_test_1000/designs/joint_lora_seed44.csv,328087,ba3b278e7e0124f0f7929d1ec0fc82e1160f2e9901ac66aba7bb87ad6c99f2a9
stage2_design/fixed_test_1000/designs/manifest_seed42.json,529,2e7d4abb1d98dac55b2503d532ec0134648084a82ad7ecda477140977e2a65de
stage2_design/fixed_test_1000/designs/manifest_seed43.json,528,bc3213b844124675ec17194473068e1d5f8e8ee5701489596a099e33d5847b34
stage2_design/fixed_test_1000/designs/manifest_seed44.json,529,9f736336950a0e82048732bec7bc5ec7b1764871912faa8f8e5397950302ccee
stage2_design/fixed_test_1000/inputs/candidate_audit.csv,223942,0e2ac6876a288967a610d7e8e669be6bd0f6d894c7acfd7b5b0572ce6bfac496
stage2_design/fixed_test_1000/inputs/fixed_test_selected_1000.csv,501843,96ca453aaf7120d6dcd8e6b02e93c3a06f45e086477cdb86167dc352c3bd3caa
stage2_design/fixed_test_1000/inputs/fixed_test_selected_1000.fasta,277080,f9f57a4d4ba8f8ec24547149eb72ab7bfb7dd1ea575cef629228663da616f098
stage2_design/fixed_test_1000/inputs/frozen_protocol_previous.json,1959,89b479a2bc893a448bb69f4a30a75470034e79ff4f41b4c2a8e9017d142688eb
stage2_design/fixed_test_1000/inputs/scoring_input_qc.json,326,18c384d59dae8c853472bf4031cff2ee48abdbe3a78606d5e1dd86e763f6ba9e
stage2_design/fixed_test_1000/inputs/scoring_mapping.csv,2124737,b6ec6d1b79ba70e98f0af3138d1c72d42ececbd695015b0dbc8e3ad00ba5cde1
stage2_design/fixed_test_1000/inputs/selection_protocol.json,1871,3bc6b278fd0150878dfebc5ac92ae9bac3df592c0b1fc412f6ac991662a3d9e5
stage2_design/fixed_test_1000/inputs/validation_sentinel.json,16101,6cdb46b29aeda9b4d9ad20ceba1dabee06e4811aba16296146a02c915ac92904
stage2_design/fixed_test_1000/results/01_逐序列六标签评分.csv,4224282,136622eb147d1b660547f355de975613d8bc15eba06b307bdf488fad530c566a
stage2_design/fixed_test_1000/results/03_逐骨架三种子汇总.csv,237489,3373b5f30b00e4976033a6c7af8560a91be775b87d1ca0c3b7060da2f1df0fbc
stage2_design/fixed_test_1000/results/04_综合指标汇总.csv,815,a2c2d2ddc21cc99c41751e42e95212886cdd696af822d6349e8cd1504d474955
stage2_design/fixed_test_1000/results/05_六标签正类分层结果.csv,1017,c6b66c912afeac04c8e0fd57a0f40a1cf41fc3c65ac6c0c764b718519533789a
stage2_design/fixed_test_1000/results/verification.json,3950,bfccfd48372fa9debeda7163d8e2f7576836261c53e76ce1ff3489e8202d4351
stage2_design/fixed_test_1000/固定测试集重设计与回评结果.xlsx,2009055,aae33d269be6bf589fa1028e0b576d0e4b4c1e9ec83775009dfe0e697769c85d
stage2_design/fixed_test_1000/文件校验清单.csv,6192,9c9c56a13377f8690d81e8e150e488f5469386daeab99c3c0c92546fbee16d9e
stage2_design/fixed_test_1000/说明.md,3819,8770415d1d89ba50f0a290462189e965b9da12042d27d576b08c7a55fd8a83da
stage2_design/matched_seed_798/MarslikeMPNN_三种子完整配对评价_20260918.xlsx,4243899,835365964686bcdbc32e1d399be9c4e3a0dd2880a99f50a1f99e156063ca44da
stage2_design/matched_seed_798/code/batch_compat.py,1976,3f4d9caed8e20417eb5cd39a7a395fdc866dd30a53b1d7575f387f2b03a63b18
stage2_design/matched_seed_798/code/esmfold2_matched_worker.py,7675,713693d230e29c998d942935824f752603ffd997a7544f850c91063b47ca4edc
stage2_design/matched_seed_798/code/generate_matched_mpnn.py,8925,08db7274d225409ebc30773cd4a1c8f101d3eafde0993c39d6d4af2c8d9b68f4
stage2_design/matched_seed_798/code/merge_matched_mpnn.py,3715,dfc3ee2db5111a8b11e09798fb4a99ddd29b74cc5e398cc326f3dd5a79596101
stage2_design/matched_seed_798/code/prepare_matched_esmfold2.py,2887,fc9635477a39a01b2c6ca95971e17148bb583b2223f82a65b097d9049ee1dbc4
stage2_design/matched_seed_798/results/00_核心结论摘要.csv,1249,2737c571272298bcdcf3492a39a79085d70bccc5925c3a3e12f92a13db02406c
stage2_design/matched_seed_798/results/01_逐设计完整指标.csv,6576928,ff2f3da33ea2698a683c7aa166c99a2876670b18c48ced630e2903fb2a5134c0
stage2_design/matched_seed_798/results/02_逐骨架种子配对差值.csv,2271419,daf2688fe92702e9ef26a9179f232d4ea146c69febbf2e8601706aa12001349a
stage2_design/matched_seed_798/results/02_逐骨架逐种子配对结果.csv,1163370,66e58fd06fd7e4fd81f494c512e83334931a83e1a5345782a5bc94b003204a32
stage2_design/matched_seed_798/results/03_主指标配对统计.csv,4146,005037708c12275f078e60f86657bf5dff78b7a1696d20863799597e8efc0a5f
stage2_design/matched_seed_798/results/04_分种子结果.csv,5042,e5c3b210edbf6e04108c0e9c81dbb80eaa3551849d1b941a62db7a544b1f5f06
stage2_design/matched_seed_798/results/05_六标签分项评分.csv,1026,c161f2eb330154629098ac5bda3bdc4e13a02c18f6ca781ac9db311ca177cc9e
stage2_design/matched_seed_798/results/06_最终QC.json,998,78058f68bec8f756f05def535371f67cf84e09dd853fb7f5e585ec4e469eb0c2
stage2_design/matched_seed_798/results/design_novelty.csv,581797,8ed8707dbd92ab7eb645fa101bc8a33c6829ce8c5feda75b432a832092695e6d
stage2_design/matched_seed_798/results/design_structure_surface_metrics.csv,5045155,b56d13fbca0beee60e262510fef100f29b5e2f7e6ca2ddec7aa550218b2cc1df
stage2_design/matched_seed_798/results/matched_seed_diversity.csv,256852,2964ddbf61e4b394ad50d6bbe8926fb51f8d729aa6f67aaf5d629d96eaad9175
stage2_design/matched_seed_798/results/reference_surface.csv,446231,260d93125e1f5d50c6b7ae1ba4edb48f25887212e9af77171d66fb4c183d8088
stage2_design/matched_seed_798/results/sequence_novelty_qc.json,201,753e93cece6d219d241fc4787043014a640ba4f5878e5ac971ccc1b76b6424e0
stage2_design/matched_seed_798/results/structure_surface_qc.json,194,a4ff7fb2baa6f74c053680dc405edf55b285fd7889334a776901fa5b7a27bec8
stage2_design/matched_seed_798/results/verification.json,3950,bfccfd48372fa9debeda7163d8e2f7576836261c53e76ce1ff3489e8202d4351
stage2_design/matched_seed_798/三种子完整评价_completion_manifest.json,1267,d95c36f015fe7eb2d58de215dbc9d9ba409f24fe7a2485525eaed588a83f1575
stage2_design/matched_seed_798/三种子完整评价_文件校验清单.csv,1046,6f6bacbd536bfdecda6c59b364b8c816ee55e850ed8db7fdb4a2db102a58dea9
stage2_design/matched_seed_798/三种子完整评价说明.md,4280,a11fb4f0ba3e8e7e1aa8b030c40aebd391ceaa1d7b63d7c04e1d244b63198bc1
stage2_design/model/best_joint_lora.pt,123610,d5c161e53b417bd88f373e2f0fcc31d864768bf6169fe021513f60605dea37be
stage2_design/model/lora_training_reference.py,8841,2300120a4ee383f90774a2c6a90b75e7e393cfb248c77b84d9a017bd5b0f1fd8
stage2_design/model/model_manifest.json,585,ab5e3e01f8685ab53abdc254b6a2d71deb279218a81c1c105f923e6746e60ad6
stage2_design/structure_corpus/provenance/independent_verification.json,681,e1a791ea6035a355da6bf03d369244c71d1b6cc93938a2e00e0eb3c57d6e73ff
stage2_design/structure_corpus/provenance/positive_set_construction.md,3424,9bd20c2cb6c4caf9d6229905a5bf317e8d1b5c50c638c2536b15776ff6abf302
stage2_design/structure_corpus/provenance/select_supplement.py,13011,7e4cedd2a2977f67ce64a8855c771bddc151679210ae5e8827b1214fb3c7eb9f
stage2_design/structure_corpus/provenance/selection_manifest.json,9650,8fe59676905167eb5a9281fa7733cfde113b0cdc742f2150f739b6ef34c60d9f
stage2_design/structure_corpus/provenance/six_label_source_summary.csv,242,558dc13ec87f705c14e78bbad318f67c062ce213d8053974ffb60086a233c16e
stage2_design/structure_corpus/provenance/verify_outputs.py,4370,095c1ef3d09cd7c98417e83644c960f7c83a9c98552879a0e1b1511feea2594c
stage2_design/structure_corpus/provenance/来源覆盖对比.csv,827,271249a55ced91b1df49b71a4ad8de0bcc76e847ecc3c9eaff0a17717c27731a
stage2_design/structure_corpus/structure_corpus_index_10000.csv,5614268,49a62ef5ab4cb68e57e0bd293a637ccb9a12d4087e75440338d49e915962d041
stage2_design/structure_corpus/structure_corpus_manifest.json,299,b421b781a8585f0b3b8cd6837e771d1ce5267aac5394986287eccef939940c01
