relative_path,bytes,sha256,csv_data_rows
三种子完整评价说明.md,4280,a11fb4f0ba3e8e7e1aa8b030c40aebd391ceaa1d7b63d7c04e1d244b63198bc1,
MarslikeMPNN_三种子完整配对评价_20260918.xlsx,4243899,835365964686bcdbc32e1d399be9c4e3a0dd2880a99f50a1f99e156063ca44da,
results/00_核心结论摘要.csv,1249,2737c571272298bcdcf3492a39a79085d70bccc5925c3a3e12f92a13db02406c,10
results/01_逐设计完整指标.csv,6576928,ff2f3da33ea2698a683c7aa166c99a2876670b18c48ced630e2903fb2a5134c0,4788
results/02_逐骨架种子配对差值.csv,2271419,daf2688fe92702e9ef26a9179f232d4ea146c69febbf2e8601706aa12001349a,2394
results/03_主指标配对统计.csv,4146,005037708c12275f078e60f86657bf5dff78b7a1696d20863799597e8efc0a5f,14
results/04_分种子结果.csv,5042,e5c3b210edbf6e04108c0e9c81dbb80eaa3551849d1b941a62db7a544b1f5f06,42
results/05_六标签分项评分.csv,1026,c161f2eb330154629098ac5bda3bdc4e13a02c18f6ca781ac9db311ca177cc9e,6
results/06_最终QC.json,998,78058f68bec8f756f05def535371f67cf84e09dd853fb7f5e585ec4e469eb0c2,
