方法ID,批次,种子,状态,选模,method,macro_auprc,macro_random_ap,macro_ap_minus_random,macro_auroc,macro_f1,macro_mcc,micro_auprc,micro_random_ap,micro_ap_minus_random,micro_auroc,micro_f1,micro_mcc,test_evaluated,evaluation_directory,旧方法ID,epoch,已完成轮数,来源,elapsed_seconds
ProtT5_LoRA_MaskedBCE,既往统一评价,,完成,来源表已选定模型,ProtT5_LoRA_MaskedBCE,0.9770867003912059,0.7051062154450388,0.27198048494616717,0.962269088572855,0.9327759394247996,0.793424789156094,0.9817511061697495,0.6704950495049505,0.31125605666479894,0.9626676160888727,0.9311064718162839,0.7953642019188625,False,/sddn/yyf_work/chenzhenghang/mars-tool/runs/evaluations/all_models_v3_20260912_133237/C_shared_masked,C_shared_masked,,,,
ProtT5_6ExpertsLoRA_DirectOutput,既往统一评价,,完成,来源表已选定模型,ProtT5_6ExpertsLoRA_DirectOutput,0.9768565165806856,0.7051062154450388,0.27175030113564685,0.9628557740546615,0.9328513699368566,0.8020724526500533,0.9813954359926814,0.6704950495049505,0.3109003864877309,0.962484097414694,0.9319748276895415,0.8002925295699814,False,/sddn/yyf_work/chenzhenghang/mars-tool/runs/evaluations/all_models_v3_20260912_133237/D_six_experts,D_six_experts,,,,
ProtT5_LoRA_MaskedBCE_ClassBalanced,既往统一评价,,完成,来源表已选定模型,ProtT5_LoRA_MaskedBCE_ClassBalanced,0.9763638105689033,0.7051062154450388,0.27125759512386444,0.9592733165442304,0.9303034986070947,0.7811077644806194,0.9782964657280855,0.6704950495049505,0.30780141622313495,0.9557237238175292,0.9293413173652695,0.7920618405410852,False,/sddn/yyf_work/chenzhenghang/mars-tool/runs/evaluations/all_models_v3_20260912_133237/G_class_balanced,G_class_balanced,,,,
ESM2_3B_LoRA_MaskedBCE,既往统一评价,,完成,来源表已选定模型,ESM2_3B_LoRA_MaskedBCE,0.9748930807808311,0.7051062154450388,0.2697868653357924,0.9569929465200192,0.9298137838780901,0.7930505836105611,0.9807021298239603,0.6704950495049505,0.3102070803190098,0.9615909968649188,0.92936579501052,0.7941735823084377,False,/sddn/yyf_work/chenzhenghang/mars-tool/runs/evaluations/all_models_v3_20260912_133237/ESM2_3B_LoRA_Masked,ESM2_3B_LoRA_Masked,,,,
ProtT5_LoRA_MaskedBCE_InternalTrainSubset,既往统一评价,,完成,来源表已选定模型,ProtT5_LoRA_MaskedBCE_InternalTrainSubset,0.9747341542351692,0.7051062154450388,0.26962793879013025,0.958666365895262,0.9248285579181883,0.7875294412108863,0.9800934695791326,0.6704950495049505,0.30959842007418203,0.9598211243127811,0.9247051708497127,0.7839599077717317,False,/sddn/yyf_work/chenzhenghang/mars-tool/runs/evaluations/all_models_v3_20260912_133237/C_internal_control,C_internal_control,,,,
ESM2_3B_Frozen_MaskedBCE,既往统一评价,,完成,来源表已选定模型,ESM2_3B_Frozen_MaskedBCE,0.9733818877234571,0.7051062154450388,0.26827567227841814,0.9548346042012675,0.9257764614909609,0.7681173650327798,0.9785825344644115,0.6704950495049505,0.3080874849594609,0.9565802626198374,0.9240468327829481,0.7779007980018983,False,/sddn/yyf_work/chenzhenghang/mars-tool/runs/evaluations/all_models_v3_20260912_133237/ESM2_3B_Frozen_Masked,ESM2_3B_Frozen_Masked,,,,
ESM2_650M_LoRA_MaskedBCE,既往统一评价,,完成,来源表已选定模型,ESM2_650M_LoRA_MaskedBCE,0.9724522500923175,0.7051062154450388,0.2673460346472786,0.9549659035418196,0.9217378966283419,0.7588184453324159,0.9783079348971687,0.6704950495049505,0.3078128853922182,0.9562327485346903,0.9222455719003302,0.772605703244548,False,/sddn/yyf_work/chenzhenghang/mars-tool/runs/evaluations/all_models_v3_20260912_133237/ESM2_650M_LoRA_Masked,ESM2_650M_LoRA_Masked,,,,
ProtT5_6ExpertsLoRA_DynamicFusion,既往统一评价,,完成,来源表已选定模型,ProtT5_6ExpertsLoRA_DynamicFusion,0.9713801658533726,0.7051062154450388,0.26627395040833374,0.9503272941111872,0.9221466273018223,0.7712536250656491,0.9768762913986133,0.6704950495049505,0.3063812418936628,0.9532925450951883,0.9227532311391644,0.7747781686149697,False,/sddn/yyf_work/chenzhenghang/mars-tool/runs/evaluations/all_models_v3_20260912_133237/F_dynamic_fusion,F_dynamic_fusion,,,,
ProtT5_6ExpertsLoRA_FixedFusion,既往统一评价,,完成,来源表已选定模型,ProtT5_6ExpertsLoRA_FixedFusion,0.971157254026648,0.7051062154450388,0.2660510385816091,0.9503196510301598,0.9223687490433868,0.7724438462629132,0.976631809474938,0.6704950495049505,0.30613675996998746,0.9529546151574355,0.9227985524728589,0.7768214093646038,False,/sddn/yyf_work/chenzhenghang/mars-tool/runs/evaluations/all_models_v3_20260912_133237/E_fixed_fusion,E_fixed_fusion,,,,
ESM2_650M_Frozen_MaskedBCE,既往统一评价,,完成,来源表已选定模型,ESM2_650M_Frozen_MaskedBCE,0.9701848020057523,0.7051062154450388,0.2650785865607135,0.9506676848204151,0.9219766924339968,0.7553240981129464,0.9767184525884669,0.6704950495049505,0.30622340308351637,0.9525904175564541,0.9229401304090101,0.7678588689710885,False,/sddn/yyf_work/chenzhenghang/mars-tool/runs/evaluations/all_models_v3_20260912_133237/ESM2_650M_Frozen_Masked,ESM2_650M_Frozen_Masked,,,,
ProtT5_LoRA_BCE,既往统一评价,,完成,来源表已选定模型,ProtT5_LoRA_BCE,0.9539362728312443,0.7051062154450388,0.24883005738620537,0.9083490064987929,0.867385027469135,0.6203815734021065,0.9557809539289722,0.6704950495049505,0.2852859044240217,0.9057636932618475,0.869126458530432,0.6618826248369173,False,/sddn/yyf_work/chenzhenghang/mars-tool/runs/evaluations/all_models_v3_20260912_133237/B_shared_zero_fill,B_shared_zero_fill,,,,
ESM2_3B_LoRA_BCE,既往统一评价,,完成,来源表已选定模型,ESM2_3B_LoRA_BCE,0.9508506324434903,0.7051062154450388,0.2457444169984515,0.8936165317336761,0.8610923003366066,0.5867042170145305,0.9506887710088122,0.6704950495049505,0.2801937215038617,0.8978031714298697,0.8693217174859987,0.6493592224225303,False,/sddn/yyf_work/chenzhenghang/mars-tool/runs/evaluations/all_models_v3_20260912_133237/ESM2_3B_LoRA_BCE,ESM2_3B_LoRA_BCE,,,,
ESM2_3B_Frozen_BCE,既往统一评价,,完成,来源表已选定模型,ESM2_3B_Frozen_BCE,0.9468456052953753,0.7051062154450388,0.24173938985033647,0.8898782484893205,0.8592083862555105,0.5842470412164198,0.9474378282908076,0.6704950495049505,0.27694277878585705,0.8927203785951201,0.8639455782312925,0.6284863124372071,False,/sddn/yyf_work/chenzhenghang/mars-tool/runs/evaluations/all_models_v3_20260912_133237/ESM2_3B_Frozen_BCE,ESM2_3B_Frozen_BCE,,,,
ESM2_650M_LoRA_BCE,既往统一评价,,完成,来源表已选定模型,ESM2_650M_LoRA_BCE,0.9461463841492727,0.7051062154450388,0.24104016870423392,0.8867725325161898,0.8562266204753642,0.573540988122739,0.9462983061528902,0.6704950495049505,0.2758032566479397,0.8920097318142577,0.8672620880813058,0.6339826188948984,False,/sddn/yyf_work/chenzhenghang/mars-tool/runs/evaluations/all_models_v3_20260912_133237/ESM2_650M_LoRA_BCE,ESM2_650M_LoRA_BCE,,,,
ESM2_650M_Frozen_BCE,既往统一评价,,完成,来源表已选定模型,ESM2_650M_Frozen_BCE,0.9430172047564126,0.7051062154450388,0.23791098931137378,0.8802747417558714,0.8536935028329943,0.5696151932196823,0.9427579496664644,0.6704950495049505,0.2722629001615139,0.8821096625244219,0.8528396611233134,0.6124572725821346,False,/sddn/yyf_work/chenzhenghang/mars-tool/runs/evaluations/all_models_v3_20260912_133237/ESM2_650M_Frozen_BCE,ESM2_650M_Frozen_BCE,,,,
Length_AAC_LogisticRegression,既往统一评价,,完成,来源表已选定模型,Length_AAC_LogisticRegression,0.8970093292070483,0.7051062154450388,0.1919031137620093,0.8179099096903141,0.8095098756802644,0.4694484810913904,0.8989646957351698,0.6704950495049505,0.22846964623021926,0.8094863180971421,0.7953253316487682,0.4637768806267851,False,/sddn/yyf_work/chenzhenghang/mars-tool/runs/evaluations/all_models_v3_20260912_133237/A_composition,A_composition,,,,
ProtT5_LoRA_MaskedBCE_Missing25pct,本轮Mask与传统基线,42,完成,五轮最佳,,0.9750446595259676,,,0.9566538977987815,0.9280777413033903,0.7783554545631836,,,,,,,False,,artificial_missing,3,5,02_本轮原始结果/mask_causal_traditional_20260912_141236_artificial_missing25_seed42_20260912_141349,41468.80183839798
HandcraftedFeatures_LightGBM,本轮Mask与传统基线,42,完成,固定树模型,,0.9353019153557697,,,0.8855819844994233,0.8757087814383655,0.596799916603939,,,,,,,False,,lightgbm,,0,02_本轮原始结果/mask_causal_traditional_20260912_141236_features_lightgbm_seed42,56.12896537780762
HandcraftedFeatures_RandomForest,本轮Mask与传统基线,42,完成,固定树模型,,0.9188853998373758,,,0.8423865817984213,0.8348653062229783,0.49591158173390726,,,,,,,False,,random_forest,,0,02_本轮原始结果/mask_causal_traditional_20260912_141236_features_rf_seed42,47.98988676071167
ProtT5_LoRA_RandomMatchedMask,本轮Mask与传统基线,42,完成,五轮最佳,,0.9440236263521818,,,0.8847501537003603,0.8345896949558657,0.5851332281699313,,,,,,,False,,random_matched,3,5,02_本轮原始结果/mask_causal_traditional_20260912_141236_random_matched_seed42_20260912_141323,22783.609268665314
ProtT5_LoRA_RandomMatchedMask,本轮Mask与传统基线,43,完成,五轮最佳,,0.9465103659076102,,,0.8887610006225427,0.8650364571630157,0.5813407414298689,,,,,,,False,,random_matched,4,5,02_本轮原始结果/mask_causal_traditional_20260912_141236_random_matched_seed43_20260912_141322,22250.659126520157
ProtT5_LoRA_RandomMatchedMask,本轮Mask与传统基线,44,完成,五轮最佳,,0.9464800358538429,,,0.886532204344408,0.8534057971944583,0.5834783761716887,,,,,,,False,,random_matched,4,5,02_本轮原始结果/mask_causal_traditional_20260912_141236_random_matched_seed44_20260912_141344,22525.584799051285
ProtT5_LoRA_ShuffledRowMask,本轮Mask与传统基线,42,完成,五轮最佳,,0.9408772435428774,,,0.8750409397399878,0.82214229611533,0.5407176032865081,,,,,,,False,,shuffled_rows,2,5,02_本轮原始结果/mask_causal_traditional_20260912_141236_shuffled_rows_seed42_20260912_141344,22450.200706005096
ProtT5_LoRA_MaskedBCE,本轮Mask与传统基线,42,完成,五轮最佳,,0.9756278118613981,,,0.9588386569654537,0.9304409611682821,0.7892134430976874,,,,,,,False,,C_shared_masked,2,5,02_本轮原始结果/mask_causal_traditional_20260912_141236_task_aware_seed42_20260912_141322,22517.124511003494
ProtT5_LoRA_MaskedBCE,本轮Mask与传统基线,43,完成,五轮最佳,,0.9757748675265461,,,0.959085046898812,0.9268560541494977,0.7756871387919319,,,,,,,False,,C_shared_masked,3,5,02_本轮原始结果/mask_causal_traditional_20260912_141236_task_aware_seed43_20260912_141323,22545.667110681534
ProtT5_LoRA_MaskedBCE,本轮Mask与传统基线,44,完成,五轮最佳,,0.9759593873429175,,,0.9595835026347381,0.9293685228203357,0.7877813538819098,,,,,,,False,,C_shared_masked,2,5,02_本轮原始结果/mask_causal_traditional_20260912_141236_task_aware_seed44_20260912_141349,22342.541117668152
ProtT5_Frozen_BCE,冻结主干补充_20260915,42,完成,五轮最佳,ProtT5_Frozen_BCE,0.9507003317256375,0.7051062154450388,0.24559411628059868,0.8978723162961003,0.8652214056064357,0.6083537009464585,0.9513376749524345,0.6704950495049505,0.28084262544748395,0.8991108750965513,0.8653421633554084,0.6516210992409475,False,02_本轮原始结果\ProtT5_Frozen_bce_zero_fill_20260913_002449_20260915_044919,ProtT5_Frozen_BCE,4,5,ProtT5_Frozen_bce_zero_fill_20260913_002449_20260915_044919,9289.593361854553
ProtT5_Frozen_MaskedBCE,冻结主干补充_20260915,42,完成,五轮最佳,ProtT5_Frozen_MaskedBCE,0.9741499758046438,0.7051062154450388,0.269043760359605,0.9570491044633771,0.9274506764270974,0.7881661093128143,0.9781824353554708,0.6704950495049505,0.30768738585052025,0.9550830058158025,0.9276393831553974,0.7822967898996466,False,02_本轮原始结果\ProtT5_Frozen_masked_bce_20260913_002449_20260915_052649,ProtT5_Frozen_Masked,5,5,ProtT5_Frozen_masked_bce_20260913_002449_20260915_052649,9402.853765010834
